MHxPC130288276,1,0,0,0,United States,Secondary,2012,m,0,8/30/2013,,,,,,0,,,HarvardX/CS50x/2012
MHxPC130422039,1,0,0,0,Unknown/Other,Secondary,1987,m,0,7/24/2012,,,,,,0,,,HarvardX/CS50x/2012
MHxPC130407931,1,0,0,0,United States,Secondary,1968,f,0,7/24/2012,,,,,,0,,,HarvardX/CS50x/2012
MHxPC130064950,1,0,0,0,Unknown/Other,Master's,1978,m,0,7/24/2012,,,,,,0,,,HarvardX/CS50x/2012
MHxPC130202970,1,1,0,0,United States,Bachelor's,1988,m,0,7/24/2012,3/28/2013,8,1,,1,0,,,HarvardX/CS50x/2012
MHxPC130119162,1,0,0,0,Greece,Secondary,1993,f,0,7/24/2012,,,,,,0,,,HarvardX/CS50x/2012
MHxPC130274988,1,0,0,0,Canada,Master's,1981,m,0,7/24/2012,,,,,,0,,,HarvardX/CS50x/2012
MHxPC130068486,1,0,0,0,Unknown/Other,Master's,1980,m,0,7/24/2012,,,,,,0,,,HarvardX/CS50x/2012
MHxPC130330616,1,1,1,0,Unknown/Other,Secondary,1991,m,0,7/24/2012,,,,,10,0,,1,HarvardX/CS50x/2012
MHxPC130153660,1,0,0,0,Other Middle East/Central Asia,Master's,1981,m,0,7/24/2012,,,,,,0,,,HarvardX/CS50x/2012
MHxPC130503908,1,0,0,0,Unknown/Other,Secondary,1989,m,0,7/24/2012,,,,,,0,,,HarvardX/CS50x/2012
MHxPC130160239,1,1,0,0,Unknown/Other,Secondary,1993,m,0,7/24/2012,,,,,1,0,,1,HarvardX/CS50x/2012
MHxPC130554389,1,0,0,0,Unknown/Other,Bachelor's,1991,m,0,7/24/2012,,,,,,0,,,HarvardX/CS50x/2012
MHxPC130266848,1,1,0,0,Unknown/Other,Bachelor's,1977,m,0,7/24/2012,,,,,2,0,,1,HarvardX/CS50x/2012
MHxPC130066057,1,1,1,0,India,Bachelor's,1988,f,0,7/24/2012,,,,,6,0,,1,HarvardX/CS50x/2012
MHxPC130223941,1,1,0,0,Other Middle East/Central Asia,Secondary,1992,m,0,7/24/2012,7/15/2013,25,2,,4,0,,,HarvardX/CS50x/2012
MHxPC130594472,1,0,0,0,Pakistan,Secondary,1992,m,0,7/24/2012,,,,,,0,,,HarvardX/CS50x/2012
MHxPC130191782,1,1,0,0,Pakistan,Bachelor's,1990,m,0,7/24/2012,5/5/2013,2,2,,1,0,,,HarvardX/CS50x/2012
MHxPC130267000,1,0,0,0,Other South Asia,Master's,1980,f,0,7/24/2012,,,1,,,0,,1,HarvardX/CS50x/2012
MHxPC130435800,1,1,0,0,India,,1992,m,0,7/24/2012,4/17/2013,10,3,,2,0,,,HarvardX/CS50x/2012
MHxPC130235150,1,1,1,0,India,Bachelor's,1990,m,0,7/24/2012,3/28/2013,8,1,,12,0,,,HarvardX/CS50x/2012
MHxPC130001411,1,1,1,0,Other Europe,,1984,m,0,7/24/2012,4/22/2013,49,2,,12,0,,,HarvardX/CS50x/2012
MHxPC130418582,1,0,0,0,India,Master's,1982,f,0,7/24/2012,,,,,,0,,,HarvardX/CS50x/2012
MHxPC130469401,1,1,0,0,Other Middle East/Central Asia,,,,0,7/24/2012,4/1/2013,47,7,,2,0,,,HarvardX/CS50x/2012
MHxPC130059473,1,0,0,0,Unknown/Other,Bachelor's,1982,m,0,7/24/2012,,,,,,0,,,HarvardX/CS50x/2012
MHxPC130110073,1,0,0,0,Other Europe,Master's,1977,m,0,7/24/2012,,,,,,0,,,HarvardX/CS50x/2012
MHxPC130292159,1,1,0,0,India,Master's,1983,m,0,7/24/2012,3/25/2013,3,1,,1,0,,,HarvardX/CS50x/2012
MHxPC130260706,1,0,0,0,Unknown/Other,Master's,1979,m,0,7/24/2012,,,,,,0,,,HarvardX/CS50x/2012
MHxPC130069875,1,1,1,0,India,Secondary,1994,m,0,2/12/2013,4/18/2013,245,10,,12,0,,,HarvardX/CS50x/2012
MHxPC130430045,1,1,0,0,United States,Secondary,1968,f,0,7/24/2012,,,,,1,0,,1,HarvardX/CS50x/2012
MHxPC130129996,1,0,0,0,India,Master's,1967,m,0,10/3/2012,,,,,,0,,,HarvardX/CS50x/2012
MHxPC130197564,1,1,0,0,United States,Bachelor's,1984,m,0,7/24/2012,6/4/2013,14,8,,1,0,,,HarvardX/CS50x/2012
MHxPC130320562,1,1,1,1,Other Europe,Master's,1983,m,1,7/24/2012,5/6/2013,691,59,,12,0,,,HarvardX/CS50x/2012
MHxPC130526455,1,0,0,0,Egypt,Bachelor's,1989,m,0,7/24/2012,,,,,,0,,,HarvardX/CS50x/2012
MHxPC130021254,1,1,0,0,Other South Asia,Bachelor's,1986,m,0,7/24/2012,8/1/2013,1,1,,2,0,,,HarvardX/CS50x/2012
MHxPC130442901,1,0,0,0,India,Master's,1969,m,0,7/24/2012,,,1,,,0,,1,HarvardX/CS50x/2012
MHxPC130176766,1,0,0,0,United States,Bachelor's,1991,m,0,7/24/2012,,,,,,0,,,HarvardX/CS50x/2012
MHxPC130163278,1,1,0,0,United States,Secondary,1992,m,0,7/29/2012,,,,,2,0,,1,HarvardX/CS50x/2012
MHxPC130445778,1,0,0,0,Unknown/Other,Bachelor's,1985,m,0,7/24/2012,,,,,,0,,,HarvardX/CS50x/2012
MHxPC130544106,1,0,0,0,Other Europe,Bachelor's,1983,f,0,7/24/2012,,,1,,,0,,1,HarvardX/CS50x/2012
MHxPC130342017,1,1,0,0,United States,Bachelor's,1990,m,0,7/24/2012,3/25/2013,31,5,,3,0,,,HarvardX/CS50x/2012
MHxPC130348485,1,0,0,0,Unknown/Other,Secondary,1989,f,0,7/24/2012,,,,,,0,,,HarvardX/CS50x/2012
MHxPC130452364,1,1,0,0,Greece,Master's,1977,m,0,7/24/2012,,,,,2,0,,1,HarvardX/CS50x/2012
MHxPC130291482,1,1,0,0,Unknown/Other,Bachelor's,1983,m,0,9/4/2012,,,,,1,0,,1,HarvardX/CS50x/2012
MHxPC130235519,1,0,0,0,Other Europe,Bachelor's,1986,m,0,7/24/2012,,,,,,0,,,HarvardX/CS50x/2012
MHxPC130174737,1,0,0,0,Brazil,Bachelor's,1971,m,0,7/24/2012,,,,,,0,,,HarvardX/CS50x/2012
MHxPC130296213,1,1,0,0,India,Bachelor's,1988,m,0,12/20/2012,3/10/2013,14,1,,5,0,,,HarvardX/CS50x/2012
MHxPC130549581,1,0,0,0,Other Europe,Bachelor's,1974,f,0,7/24/2012,,,,,,0,,,HarvardX/CS50x/2012
MHxPC130291750,1,1,1,0,Unknown/Other,Secondary,1993,m,0,8/17/2012,,,,,7,0,,1,HarvardX/CS50x/2012
MHxPC130352431,1,0,0,0,Other Europe,Bachelor's,1990,f,0,7/24/2012,,,,,,0,,,HarvardX/CS50x/2012
MHxPC130015760,1,1,1,0,India,Secondary,1994,m,0,7/24/2012,5/23/2013,15,4,,12,0,,,HarvardX/CS50x/2012
MHxPC130003904,1,1,0,0,Unknown/Other,Bachelor's,1991,m,0,7/24/2012,,,,,1,0,,1,HarvardX/CS50x/2012
MHxPC130142543,1,0,0,0,Bangladesh,Secondary,1993,m,0,7/24/2012,,,,,,0,,,HarvardX/CS50x/2012
MHxPC130108425,1,0,0,0,United States,Less than Secondary,1995,m,0,7/24/2012,,,,,,0,,,HarvardX/CS50x/2012
MHxPC130563915,1,1,0,0,Unknown/Other,Bachelor's,1987,m,0,10/24/2012,,,,,1,0,,1,HarvardX/CS50x/2012
MHxPC130070557,1,0,0,0,Unknown/Other,Bachelor's,1986,f,0,7/24/2012,,,,,,0,,,HarvardX/CS50x/2012
MHxPC130549858,1,1,0,0,India,Secondary,2012,m,0,7/24/2012,,,1,,1,0,,1,HarvardX/CS50x/2012
MHxPC130097576,1,0,0,0,Other South Asia,Secondary,1982,m,0,7/24/2012,,,,,,0,,,HarvardX/CS50x/2012
MHxPC130056173,1,1,0,0,Unknown/Other,Secondary,1986,m,0,6/6/2013,,,,,1,0,,1,HarvardX/CS50x/2012
MHxPC130028657,1,1,0,0,India,Secondary,1984,m,0,7/24/2012,,,,,1,0,,1,HarvardX/CS50x/2012
MHxPC130470188,1,0,0,0,Other East Asia,Bachelor's,1983,m,0,7/24/2012,,,2,,,0,,1,HarvardX/CS50x/2012
MHxPC130492457,1,0,0,0,Unknown/Other,Bachelor's,1990,m,0,7/24/2012,,,,,,0,,,HarvardX/CS50x/2012
MHxPC130351935,1,1,0,0,United States,Bachelor's,1991,m,0,7/24/2012,,,,,3,0,,1,HarvardX/CS50x/2012
MHxPC130375515,1,1,0,0,Other Middle East/Central Asia,Secondary,1987,m,0,7/24/2012,,,,,1,0,,1,HarvardX/CS50x/2012
MHxPC130120897,1,1,0,0,Unknown/Other,Master's,1969,f,0,7/24/2012,,,,,1,0,,1,HarvardX/CS50x/2012
MHxPC130451002,1,1,0,0,Spain,Bachelor's,1969,m,0,7/24/2012,6/6/2013,13,7,,2,0,,,HarvardX/CS50x/2012
MHxPC130118970,1,0,0,0,Unknown/Other,Doctorate,1981,m,0,7/24/2012,,,,,,0,,,HarvardX/CS50x/2012
MHxPC130004814,1,1,0,0,United States,Secondary,1991,m,0,7/29/2013,7/29/2013,5,2,,1,0,,,HarvardX/CS50x/2012
MHxPC130584516,1,1,0,0,United States,Bachelor's,1986,m,0,7/24/2012,,,,,1,0,,1,HarvardX/CS50x/2012
MHxPC130348317,1,1,0,0,India,Master's,1983,m,0,8/24/2013,,,,,5,0,,1,HarvardX/CS50x/2012
MHxPC130154482,1,0,0,0,Unknown/Other,Master's,1985,m,0,7/24/2012,,,,,,0,,,HarvardX/CS50x/2012
MHxPC130022117,1,1,0,0,Other Europe,Secondary,1989,f,0,7/27/2012,,,,,1,0,,1,HarvardX/CS50x/2012
MHxPC130229339,1,1,0,0,Unknown/Other,Bachelor's,1990,m,0,9/6/2012,,,,,4,0,,1,HarvardX/CS50x/2012
MHxPC130485317,1,0,0,0,Unknown/Other,Bachelor's,1989,m,0,7/24/2012,,,,,,0,,,HarvardX/CS50x/2012
MHxPC130205528,1,1,0,0,Unknown/Other,,1985,m,0,7/24/2012,,,,,2,0,,1,HarvardX/CS50x/2012
MHxPC130204381,1,0,0,0,India,Bachelor's,1990,m,0,7/24/2012,2/13/2013,1,1,,,0,,,HarvardX/CS50x/2012
MHxPC130550251,1,0,0,0,Bangladesh,Secondary,1993,m,0,8/6/2012,,,1,,,0,,1,HarvardX/CS50x/2012
MHxPC130537207,1,1,0,0,Unknown/Other,Bachelor's,1979,f,0,7/24/2012,,,,,1,0,,1,HarvardX/CS50x/2012
MHxPC130581135,1,0,0,0,Unknown/Other,Master's,1972,m,0,7/24/2012,,,,,,0,,,HarvardX/CS50x/2012
MHxPC130530992,1,0,0,0,Canada,Secondary,1986,f,0,8/12/2012,,,,,,0,,,HarvardX/CS50x/2012
MHxPC130471742,1,1,0,0,Brazil,Secondary,1990,m,0,7/24/2012,5/19/2013,5,1,,1,0,,,HarvardX/CS50x/2012
MHxPC130263156,1,1,0,0,Other Europe,Master's,1977,m,0,7/24/2012,,,2,,4,0,,1,HarvardX/CS50x/2012
MHxPC130181088,1,1,0,0,Other Europe,Bachelor's,1973,m,0,7/24/2012,3/12/2013,5,1,,1,0,,,HarvardX/CS50x/2012
MHxPC130543718,1,1,0,0,Other South Asia,Bachelor's,1976,f, ,7/24/2012,3/28/2013,1,1,,2,0,,,HarvardX/CS50x/2012
MHxPC130487886,1,0,0,0,Russian Federation,Master's,1983,m,0,7/24/2012,,,3,,,0,,1,HarvardX/CS50x/2012
MHxPC130250884,1,0,0,0,United States,Bachelor's,1965,m,0,7/24/2012,,,,,,0,,,HarvardX/CS50x/2012
MHxPC130037995,1,0,0,0,Unknown/Other,Master's,1982,m,0,7/24/2012,,,,,,0,,,HarvardX/CS50x/2012
MHxPC130166676,1,1,0,0,India,Bachelor's,1991,f,0,7/24/2012,,,2,,1,0,,1,HarvardX/CS50x/2012
MHxPC130288419,1,1,0,0,Unknown/Other,Bachelor's,1977,m,0,7/24/2012,,,,,3,0,,1,HarvardX/CS50x/2012
MHxPC130493867,1,1,0,0,Unknown/Other,Secondary,1991,m,0,10/15/2012,,,,,1,0,,1,HarvardX/CS50x/2012
MHxPC130470705,1,1,0,0,Other Europe,Master's,1981,m,0,7/24/2012,7/24/2013,2,1,,2,0,,,HarvardX/CS50x/2012
MHxPC130468272,1,1,0,0,Other Europe,Bachelor's,1971,m,0,7/24/2012,,,,,1,0,,1,HarvardX/CS50x/2012
MHxPC130124224,1,1,0,0,France,Secondary,1991,m,0,7/24/2012,,,,,1,0,,1,HarvardX/CS50x/2012
MHxPC130308099,1,1,1,0,India,Secondary,1992,m,0,7/24/2012,5/3/2013,24,7,,6,0,,,HarvardX/CS50x/2012
MHxPC130114387,1,0,0,0,United States,Secondary,1973,f,0,7/24/2012,,,,,,0,,,HarvardX/CS50x/2012
MHxPC130275864,1,1,0,0,Germany,Bachelor's,1982,m,0,7/24/2012,7/10/2013,9,1,,3,0,,,HarvardX/CS50x/2012
MHxPC130515165,1,1,0,0,Unknown/Other,Bachelor's,1976,m,0,7/24/2012,,,,,2,0,,1,HarvardX/CS50x/2012
MHxPC130276711,1,0,0,0,Unknown/Other,Master's,1988,f,0,7/24/2012,,,,,,0,,,HarvardX/CS50x/2012
MHxPC130166195,1,0,0,0,Unknown/Other,Secondary,1994,m,0,7/24/2012,,,,,,0,,,HarvardX/CS50x/2012
MHxPC130348841,1,1,0,0,Unknown/Other,Bachelor's,1989,m,0,7/24/2012,,,,,1,0,,1,HarvardX/CS50x/2012
MHxPC130571222,1,0,0,0,Unknown/Other,Bachelor's,1983,m,0,7/24/2012,,,,,,0,,,HarvardX/CS50x/2012
MHxPC130500770,1,1,0,0,United States,Master's,1964,m,0,7/24/2012,,,1,,1,0,,1,HarvardX/CS50x/2012
MHxPC130006445,1,0,0,0,Other Africa,Bachelor's,1989,m,0,7/24/2012,,,,,,0,,,HarvardX/CS50x/2012
MHxPC130192238,1,1,0,0,Unknown/Other,Secondary,1993,m,0,7/24/2012,,,,,2,0,,1,HarvardX/CS50x/2012
MHxPC130299608,1,0,0,0,Other Europe,Bachelor's,1989,f,0,7/24/2012,,,,,,0,,,HarvardX/CS50x/2012
MHxPC130148549,1,0,0,0,United Kingdom,Bachelor's,1985,m,0,7/24/2012,,,,,,0,,,HarvardX/CS50x/2012
MHxPC130043862,1,1,0,0,India,Bachelor's,1990,m,0,7/24/2012,,,1,,5,0,,1,HarvardX/CS50x/2012
MHxPC130186330,1,1,0,0,Other South Asia,Bachelor's,1984,m,0,10/7/2012,5/3/2013,61,7,,4,0,,,HarvardX/CS50x/2012
MHxPC130367892,1,1,0,0,Unknown/Other,Bachelor's,1983,f,0,7/24/2012,,,,,1,0,,1,HarvardX/CS50x/2012
MHxPC130081683,1,1,0,0,Other Middle East/Central Asia,Bachelor's,1986,m,0,7/24/2012,2/14/2013,1,1,,1,0,,,HarvardX/CS50x/2012
MHxPC130123777,1,0,0,0,Unknown/Other,Bachelor's,1988,m,0,7/24/2012,,,,,,0,,,HarvardX/CS50x/2012
MHxPC130413032,1,0,0,0,Unknown/Other,,,,0,7/24/2012,,,,,,0,,,HarvardX/CS50x/2012
MHxPC130405506,1,1,0,0,Unknown/Other,Secondary,1993,m,0,7/24/2012,,,,,1,0,,1,HarvardX/CS50x/2012
MHxPC130558806,1,1,0,0,India,Bachelor's,1991,m,0,12/12/2012,,,3,,4,0,,1,HarvardX/CS50x/2012
MHxPC130167994,1,1,0,0,Other Middle East/Central Asia,Bachelor's,1983,m,0,7/24/2012,,,,,2,0,,1,HarvardX/CS50x/2012
MHxPC130029550,1,0,0,0,Other Europe,Master's,1988,m,0,7/24/2012,,,,,2,0,,1,HarvardX/CS50x/2012
MHxPC130027927,1,0,0,0,India,Bachelor's,1989,m,0,7/24/2012,,,,,,0,,,HarvardX/CS50x/2012
MHxPC130399374,1,0,0,0,Unknown/Other,,,m,0,7/24/2012,,,,,,0,,,HarvardX/CS50x/2012
MHxPC130378453,1,0,0,0,Unknown/Other,Bachelor's,1979,m,0,7/24/2012,,,,,,0,,,HarvardX/CS50x/2012
MHxPC130570016,1,1,0,0,France,Master's,1985,m,0,7/24/2012,,,6,,1,0,,1,HarvardX/CS50x/2012
MHxPC130228683,1,0,0,0,Unknown/Other,Secondary,1994,m,0,7/24/2012,,,,,,0,,,HarvardX/CS50x/2012
MHxPC130132763,1,0,0,0,Other East Asia,Bachelor's,1989,m,0,7/24/2012,,,,,,0,,,HarvardX/CS50x/2012
MHxPC130349261,1,0,0,0,India,Master's,1983,m,0,7/24/2012,,,,,,0,,,HarvardX/CS50x/2012
MHxPC130011640,1,0,0,0,United States,Bachelor's,1988,f,0,7/24/2012,,,4,,,0,,1,HarvardX/CS50x/2012
MHxPC130378021,1,1,0,0,Other East Asia,Bachelor's,1990,m,0,1/31/2013,2/15/2013,6,1,,3,0,,,HarvardX/CS50x/2012
MHxPC130031489,1,0,0,0,India,Bachelor's,1980,m,0,7/24/2012,,,,,,0,,,HarvardX/CS50x/2012
MHxPC130099111,1,1,1,0,Other South America,Bachelor's,1987,f, ,7/24/2012,,,,,6,0,,1,HarvardX/CS50x/2012
MHxPC130098940,1,1,0,0,Other Africa,Secondary,1982,f,0,7/24/2012,4/11/2013,2,1,,1,0,,,HarvardX/CS50x/2012
MHxPC130301925,1,0,0,0,Other Middle East/Central Asia,Master's,1988,f,0,7/24/2012,,,,,,0,,,HarvardX/CS50x/2012
MHxPC130012046,1,0,0,0,India,Master's,1989,m,0,7/24/2012,,,,,,0,,,HarvardX/CS50x/2012
MHxPC130521763,1,1,0,0,Poland,Bachelor's,1987,m,0,7/24/2012,5/1/2013,5,1,,2,0,,,HarvardX/CS50x/2012
MHxPC130367181,1,0,0,0,Unknown/Other,Bachelor's,1987,m,0,7/24/2012,,,,,,0,,,HarvardX/CS50x/2012
MHxPC130077679,1,1,0,0,Unknown/Other,Less than Secondary,1987,m,0,7/24/2012,,,,,3,0,,1,HarvardX/CS50x/2012
MHxPC130494943,1,1,0,0,United States,Master's,1973,m,0,7/24/2012,4/6/2013,5,3,,2,0,,,HarvardX/CS50x/2012
MHxPC130076788,1,0,0,0,Other South Asia,Secondary,1994,m,0,8/21/2012,,,7,,,0,,1,HarvardX/CS50x/2012
MHxPC130364897,1,1,0,0,Unknown/Other,Less than Secondary,1995,m,0,7/24/2012,,,,,1,0,,1,HarvardX/CS50x/2012
MHxPC130456291,1,1,0,0,Other Europe,Secondary,1983,m,0,8/17/2012,6/30/2013,16,1,,2,0,,,HarvardX/CS50x/2012
MHxPC130519037,1,0,0,0,Australia,Master's,1985,m,0,7/24/2012,,,,,,0,,,HarvardX/CS50x/2012
MHxPC130222993,1,1,0,0,Other Europe,Secondary,1992,m,0,7/24/2012,6/6/2013,8,1,,1,0,,,HarvardX/CS50x/2012
MHxPC130407582,1,0,0,0,United Kingdom,Bachelor's,1990,m,0,7/24/2012,,,2,,,0,,1,HarvardX/CS50x/2012
MHxPC130457439,1,0,0,0,Unknown/Other,Bachelor's,1981,m,0,7/24/2012,,,,,,0,,,HarvardX/CS50x/2012
MHxPC130165576,1,0,0,0,United States,Secondary,1990,m,0,7/24/2012,,,,,,0,,,HarvardX/CS50x/2012
MHxPC130475386,1,1,0,0,Greece,Bachelor's,1992,m, ,7/24/2012,2/13/2013,8,2,,2,0,,,HarvardX/CS50x/2012
MHxPC130520376,1,0,0,0,India,Bachelor's,1987,m,0,8/5/2012,,,1,,,0,,1,HarvardX/CS50x/2012
MHxPC130256392,1,1,0,0,India,Master's,1973,m,0,7/24/2012,,,,,1,0,,1,HarvardX/CS50x/2012
MHxPC130518796,1,1,0,0,Nigeria,Bachelor's,1977,m,0,7/24/2012,,,,,1,0,,1,HarvardX/CS50x/2012
MHxPC130016900,1,1,0,0,France,Master's,1985,f,0,7/24/2012,,,,,3,0,,1,HarvardX/CS50x/2012
MHxPC130228122,1,0,0,0,Unknown/Other,,1993,m,0,7/24/2012,,,,,,0,,,HarvardX/CS50x/2012
MHxPC130431340,1,1,0,0,Other Europe,Master's,1978,f,0,7/24/2012,3/14/2013,18,2,,3,0,,,HarvardX/CS50x/2012
MHxPC130563787,1,0,0,0,India,Master's,1987,m,0,7/24/2012,,,,,,0,,,HarvardX/CS50x/2012
MHxPC130024294,1,1,0,0,United States,,1964,f,0,7/24/2012,,,,,1,0,,1,HarvardX/CS50x/2012
MHxPC130202405,1,0,0,0,Unknown/Other,Bachelor's,1975,m,0,7/24/2012,,,,,,0,,,HarvardX/CS50x/2012
MHxPC130283437,1,0,0,0,Other South Asia,Bachelor's,1984,m,0,7/24/2012,,,,,,0,,,HarvardX/CS50x/2012
MHxPC130458431,1,1,0,0,Other East Asia,Secondary,1993,m,0,10/14/2012,,,,,3,0,,1,HarvardX/CS50x/2012
MHxPC130334323,1,0,0,0,Unknown/Other,Bachelor's,1990,m,0,7/24/2012,,,,,,0,,,HarvardX/CS50x/2012
MHxPC130301434,1,0,0,0,Other Europe,Bachelor's,1979,m,0,7/24/2012,,,,,,0,,,HarvardX/CS50x/2012
MHxPC130127888,1,0,0,0,Unknown/Other,Master's,1977,m,0,7/24/2012,,,,,,0,,,HarvardX/CS50x/2012
MHxPC130593063,1,0,0,0,Portugal,Bachelor's,1983,m,0,7/24/2012,,,,,,0,,,HarvardX/CS50x/2012
MHxPC130175000,1,0,0,0,Other Europe,Secondary,1984,m,0,7/24/2012,,,,,,0,,,HarvardX/CS50x/2012
MHxPC130517478,1,1,0,0,United Kingdom,Bachelor's,1989,m,0,7/24/2012,,,,,1,0,,1,HarvardX/CS50x/2012
MHxPC130012669,1,1,0,0,Unknown/Other,Master's,1982,m,0,7/24/2012,,,,,2,0,,1,HarvardX/CS50x/2012
MHxPC130111549,1,0,0,0,Unknown/Other,Bachelor's,1988,m,0,1/14/2013,,,,,,0,,,HarvardX/CS50x/2012
MHxPC130497155,1,0,0,0,Unknown/Other,Secondary,1991,m,0,7/24/2012,,,,,,0,,,HarvardX/CS50x/2012
MHxPC130018664,1,1,0,0,Other Middle East/Central Asia,Bachelor's,1989,f,0,7/24/2012,6/5/2013,10,1,,3,0,,,HarvardX/CS50x/2012
MHxPC130211491,1,1,0,0,Unknown/Other,Secondary,1994,m,0,10/21/2012,,,,,2,0,,1,HarvardX/CS50x/2012
MHxPC130588385,1,1,0,0,Unknown/Other,,,,0,7/24/2012,,,,,2,0,,1,HarvardX/CS50x/2012
MHxPC130574586,1,0,0,0,India,Bachelor's,1993,m,0,7/24/2012,,,,,,0,,,HarvardX/CS50x/2012
MHxPC130412702,1,0,0,0,Other Europe,Master's,1972,m,0,7/24/2012,,,,,,0,,,HarvardX/CS50x/2012
MHxPC130240285,1,1,0,0,India,Secondary,1992,m,0,7/24/2012,7/25/2013,1,1,,1,0,,,HarvardX/CS50x/2012
MHxPC130252839,1,1,0,0,Other Africa,Secondary,1993,m,0,7/20/2013,,,2,,3,0,,1,HarvardX/CS50x/2012
MHxPC130351196,1,1,0,0,Other Europe,Master's,1988,f,0,7/27/2012,,,6,,1,0,,1,HarvardX/CS50x/2012
MHxPC130152729,1,0,0,0,Pakistan,Bachelor's,1992,m,0,8/6/2012,,,,,,0,,,HarvardX/CS50x/2012
MHxPC130357939,1,1,0,0,United States,Master's,1985,m,0,7/24/2012,4/15/2013,2,1,,1,0,,,HarvardX/CS50x/2012
MHxPC130260899,1,0,0,0,Unknown/Other,Secondary,1987,f,0,7/24/2012,,,,,,0,,,HarvardX/CS50x/2012
MHxPC130555981,1,1,0,0,Unknown/Other,Secondary,1982,f,0,7/24/2012,,,,,1,0,,1,HarvardX/CS50x/2012
MHxPC130445056,1,0,0,0,Unknown/Other,Bachelor's,1990,m,0,7/24/2012,,,,,,0,,,HarvardX/CS50x/2012
MHxPC130056870,1,1,0,0,Germany,Master's,1980,m,0,7/24/2012,,,,,1,0,,1,HarvardX/CS50x/2012
MHxPC130574671,1,1,1,1,Egypt,Secondary,1995,m,1,10/16/2012,6/20/2013,219,59,,12,0,,,HarvardX/CS50x/2012
MHxPC130150018,1,1,0,0,Other Europe,Bachelor's,1988,m,0,7/24/2012,3/14/2013,17,1,,3,0,,,HarvardX/CS50x/2012
MHxPC130124561,1,1,0,0,Unknown/Other,Master's,1986,m,0,10/29/2012,,,,,2,0,,1,HarvardX/CS50x/2012
MHxPC130155225,1,1,0,0,France,Master's,1989,m,0,7/24/2012,,,,,1,0,,1,HarvardX/CS50x/2012
MHxPC130277978,1,0,0,0,Unknown/Other,Bachelor's,1987,f,0,7/24/2012,,,,,,0,,,HarvardX/CS50x/2012
MHxPC130155976,1,0,0,0,United States,Bachelor's,1980,m,0,7/24/2012,,,,,,0,,,HarvardX/CS50x/2012
MHxPC130470284,1,1,0,0,Other Europe,Bachelor's,1989,m,0,7/24/2012,,,,,1,0,,1,HarvardX/CS50x/2012
MHxPC130171217,1,1,0,0,Other Europe,Secondary,1983,m,0,7/24/2012,,,4,,4,0,,1,HarvardX/CS50x/2012
MHxPC130106350,1,1,0,0,Other Europe,Less than Secondary,1993,m,0,6/17/2013,7/2/2013,32,2,,2,0,,,HarvardX/CS50x/2012
MHxPC130052471,1,0,0,0,Unknown/Other,Bachelor's,1989,m,0,7/24/2012,,,,,,0,,,HarvardX/CS50x/2012
MHxPC130490161,1,1,0,0,Portugal,Master's,1978,m,0,7/24/2012,,,,,3,0,,1,HarvardX/CS50x/2012
MHxPC130281179,1,1,0,0,India,Secondary,1990,m,0,7/24/2012,3/18/2013,7,1,,2,0,,,HarvardX/CS50x/2012
MHxPC130446050,1,0,0,0,United States,Master's,1972,m,0,7/24/2012,,,,,,0,,,HarvardX/CS50x/2012
MHxPC130176644,1,1,1,0,Ukraine,Bachelor's,1990,m,0,7/24/2012,7/11/2013,140,16,,12,0,,,HarvardX/CS50x/2012
MHxPC130279041,1,0,0,0,Unknown/Other,Master's,1984,f,0,7/24/2012,,,,,,0,,,HarvardX/CS50x/2012
MHxPC130231749,1,1,0,0,Germany,,1980,m,0,7/24/2012,2/24/2013,7,2,,4,0,,,HarvardX/CS50x/2012
MHxPC130485605,1,1,0,0,Mexico,Secondary,1990,m,0,9/15/2012,,,3,,1,0,,1,HarvardX/CS50x/2012
MHxPC130045334,1,1,0,0,United States,Secondary,1983,m,0,7/24/2012,,,,,1,0,,1,HarvardX/CS50x/2012
MHxPC130311176,1,0,0,0,United States,Master's,,f,0,7/24/2012,,,,,,0,,,HarvardX/CS50x/2012
MHxPC130145909,1,1,0,0,Unknown/Other,Secondary,1992,m,0,7/24/2012,,,,,2,0,,1,HarvardX/CS50x/2012
MHxPC130357205,1,0,0,0,Unknown/Other,Secondary,1995,m,0,7/24/2012,,,,,,0,,,HarvardX/CS50x/2012
MHxPC130435003,1,0,0,0,Unknown/Other,Bachelor's,1988,f,0,7/24/2012,,,,,,0,,,HarvardX/CS50x/2012
MHxPC130555231,1,1,0,0,United Kingdom,Bachelor's,1987,m,0,7/24/2012,,,,,2,0,,1,HarvardX/CS50x/2012
MHxPC130053367,1,1,0,0,Unknown/Other,Bachelor's,1990,m,0,7/24/2012,,,,,1,0,,1,HarvardX/CS50x/2012
MHxPC130107197,1,0,0,0,Unknown/Other,Bachelor's,1987,f,0,7/24/2012,,,,,,0,,,HarvardX/CS50x/2012
MHxPC130126585,1,1,0,0,Bangladesh,Secondary,1992,m,0,7/24/2012,4/8/2013,22,2,,3,0,,,HarvardX/CS50x/2012
MHxPC130171914,1,0,0,0,Unknown/Other,Bachelor's,1991,m,0,7/24/2012,,,,,,0,,,HarvardX/CS50x/2012
MHxPC130433272,1,0,0,0,Unknown/Other,Master's,1985,m,0,7/24/2012,,,,,,0,,,HarvardX/CS50x/2012
MHxPC130429931,1,0,0,0,Ukraine,Bachelor's,1993,f,0,7/24/2012,,,,,,0,,,HarvardX/CS50x/2012
MHxPC130455375,1,1,0,0,Unknown/Other,Secondary,1978,m,0,7/24/2012,,,,,4,0,,1,HarvardX/CS50x/2012
MHxPC130208060,1,1,0,0,United States,Secondary,1973,m,0,7/24/2012,,,8,,1,0,,1,HarvardX/CS50x/2012
MHxPC130148383,1,0,0,0,Other East Asia,Bachelor's,1987,m,0,7/24/2012,,,,,,0,,,HarvardX/CS50x/2012
MHxPC130091603,1,0,0,0,Philippines,Bachelor's,1986,m,0,7/24/2012,,,,,,0,,,HarvardX/CS50x/2012
MHxPC130147417,1,1,0,0,United States,Doctorate,1955,f,0,7/24/2012,,,72,,2,0,,1,HarvardX/CS50x/2012
MHxPC130125335,1,0,0,0,United States,Secondary,1994,m,0,7/24/2012,,,,,1,0,,1,HarvardX/CS50x/2012
MHxPC130124957,1,1,0,0,Other Europe,Bachelor's,1991,f,0,7/24/2012,,,,,2,0,,1,HarvardX/CS50x/2012
MHxPC130386513,1,1,0,0,India,Master's,1981,m,0,7/24/2012,4/2/2013,2,2,,3,0,,,HarvardX/CS50x/2012
MHxPC130299214,1,0,0,0,Unknown/Other,Secondary,1987,f,0,7/24/2012,,,,,,0,,,HarvardX/CS50x/2012
MHxPC130387960,1,1,0,0,Other Europe,Master's,1984,f,0,7/24/2012,,,,,5,0,,1,HarvardX/CS50x/2012
MHxPC130275025,1,0,0,0,Unknown/Other,Secondary,1986,m,0,7/24/2012,,,,,,0,,,HarvardX/CS50x/2012
MHxPC130463156,1,1,0,0,Unknown/Other,Master's,1979,m,0,7/28/2012,,,,,2,0,,1,HarvardX/CS50x/2012
MHxPC130038656,1,1,0,0,United States,,1989,m,0,7/24/2012,,,3,,2,0,,1,HarvardX/CS50x/2012
MHxPC130063975,1,0,0,0,Brazil,Bachelor's,1988,m,0,7/24/2012,,,1,,,0,,1,HarvardX/CS50x/2012
MHxPC130391236,1,0,0,0,Russian Federation,Bachelor's,1987,m,0,7/24/2012,,,,,,0,,,HarvardX/CS50x/2012
MHxPC130413350,1,0,0,0,Unknown/Other,Secondary,1992,m,0,8/20/2012,,,,,,0,,,HarvardX/CS50x/2012
MHxPC130537273,1,1,1,0,Spain,Doctorate,1969,m,0,7/24/2012,,,61,,7,0,,1,HarvardX/CS50x/2012
MHxPC130178412,1,1,0,0,Unknown/Other,Master's,1982,m,0,7/24/2012,,,,,3,0,,1,HarvardX/CS50x/2012
MHxPC130507688,1,1,0,0,Unknown/Other,Bachelor's,1980,m,0,7/24/2012,,,,,1,0,,1,HarvardX/CS50x/2012
MHxPC130208668,1,0,0,0,United States,,1987,m,0,7/24/2012,,,1,,,0,,1,HarvardX/CS50x/2012
MHxPC130175359,1,1,0,0,Unknown/Other,Bachelor's,1990,f,0,10/29/2012,,,,,1,0,,1,HarvardX/CS50x/2012
MHxPC130354222,1,1,0,0,Germany,Master's,1986,m,0,7/24/2012,,,,,2,0,,1,HarvardX/CS50x/2012
MHxPC130044560,1,1,0,0,India,Secondary,1994,m,0,7/24/2012,,,,,2,0,,1,HarvardX/CS50x/2012
MHxPC130349790,1,1,0,0,Unknown/Other,Bachelor's,1987,m,0,7/24/2012,,,,,5,0,,1,HarvardX/CS50x/2012
MHxPC130026818,1,1,0,0,United States,Bachelor's,1944,m,0,8/17/2012,,,,,1,0,,1,HarvardX/CS50x/2012
MHxPC130387892,1,0,0,0,Unknown/Other,Master's,1983,m,0,7/24/2012,,,,,,0,,,HarvardX/CS50x/2012
MHxPC130107954,1,1,1,0,Other Middle East/Central Asia,Bachelor's,1986,m,0,7/31/2012,4/21/2013,11,3,,12,0,,,HarvardX/CS50x/2012
MHxPC130048336,1,1,0,0,Unknown/Other,Secondary,1974,m,0,7/24/2012,,,,,3,0,,1,HarvardX/CS50x/2012
MHxPC130118048,1,0,0,0,United States,Bachelor's,1983,m,0,7/24/2012,,,,,,0,,,HarvardX/CS50x/2012
MHxPC130546123,1,1,0,0,Brazil,Bachelor's,1988,m,0,4/6/2013,8/2/2013,121,18,,5,0,,,HarvardX/CS50x/2012
MHxPC130147429,1,1,0,0,Other South Asia,Bachelor's,1991,f,0,7/24/2012,3/11/2013,8,2,,2,0,,,HarvardX/CS50x/2012
MHxPC130514203,1,1,0,0,Spain,Bachelor's,1979,m,0,7/24/2012,,,87,,2,0,,1,HarvardX/CS50x/2012
MHxPC130064063,1,1,0,0,Morocco,,1988,m,0,7/24/2012,,,,,1,0,,1,HarvardX/CS50x/2012
MHxPC130548341,1,0,0,0,United States,Secondary,1966,f,0,7/24/2012,,,,,,0,,,HarvardX/CS50x/2012
MHxPC130491252,1,1,0,0,United Kingdom,Doctorate,1980,m,0,7/24/2012,,,5,,1,0,,1,HarvardX/CS50x/2012
MHxPC130327468,1,1,0,0,India,Bachelor's,1983,f,0,9/29/2012,2/22/2013,2,1,,3,0,,,HarvardX/CS50x/2012
MHxPC130134822,1,1,0,0,India,Bachelor's,1983,m,0,7/24/2012,5/20/2013,1,1,,1,0,,,HarvardX/CS50x/2012
MHxPC130024382,1,0,0,0,Unknown/Other,Bachelor's,1987,m,0,8/14/2012,,,,,,0,,,HarvardX/CS50x/2012
MHxPC130103487,1,0,0,0,Unknown/Other,Bachelor's,1990,f,0,7/24/2012,,,,,,0,,,HarvardX/CS50x/2012
MHxPC130031382,1,1,0,0,Unknown/Other,Bachelor's,1982,m,0,7/24/2012,,,,,1,0,,1,HarvardX/CS50x/2012
MHxPC130365410,1,1,0,0,Unknown/Other,Secondary,1994,m,0,7/24/2012,,,2,,1,0,,1,HarvardX/CS50x/2012
MHxPC130160487,1,1,0,0,Other South Asia,Master's,1983,m,0,7/24/2012,3/12/2013,6,1,,3,0,,,HarvardX/CS50x/2012
MHxPC130126898,1,1,0,0,United States,Bachelor's,1967,m,0,7/24/2012,,,61,,2,0,,1,HarvardX/CS50x/2012
MHxPC130082500,1,0,0,0,India,Bachelor's,1991,m,0,7/24/2012,,,,,,0,,,HarvardX/CS50x/2012
MHxPC130174324,1,1,0,0,India,Secondary,1995,m,0,7/24/2012,3/30/2013,4,2,,1,0,,,HarvardX/CS50x/2012
MHxPC130169423,1,0,0,0,United States,Master's,1957,f,0,7/24/2012,,,,,,0,,,HarvardX/CS50x/2012
MHxPC130394865,1,0,0,0,Germany,Bachelor's,1982,m,0,7/24/2012,,,3,,,0,,1,HarvardX/CS50x/2012
MHxPC130307540,1,0,0,0,India,Bachelor's,1990,m,0,7/24/2012,,,2,,,0,,1,HarvardX/CS50x/2012
MHxPC130554044,1,1,0,0,India,Secondary,1992,m,0,10/28/2012,,,1,,1,0,,1,HarvardX/CS50x/2012
MHxPC130540559,1,1,0,0,Unknown/Other,Bachelor's,1985,f,0,7/24/2012,,,,,1,0,,1,HarvardX/CS50x/2012
MHxPC130313407,1,1,1,0,Other Europe,Bachelor's,1989,m,0,7/24/2012,3/5/2013,60,5,,9,0,,,HarvardX/CS50x/2012
MHxPC130312432,1,0,0,0,Unknown/Other,Master's,1975,m,0,7/24/2012,,,,,,0,,,HarvardX/CS50x/2012
MHxPC130134995,1,1,1,1,Japan,,,,1,8/20/2012,5/21/2013,92,29,,9,0,,,HarvardX/CS50x/2012
MHxPC130239333,1,1,0,0,Unknown/Other,Bachelor's,1990,m,0,7/24/2012,,,,,1,0,,1,HarvardX/CS50x/2012
MHxPC130308080,1,0,0,0,India,Secondary,1994,f,0,7/24/2012,,,,,,0,,,HarvardX/CS50x/2012
MHxPC130316090,1,0,0,0,Other South Asia,Bachelor's,1976,m,0,7/27/2012,,,,,,0,,,HarvardX/CS50x/2012
MHxPC130350657,1,0,0,0,Brazil,Master's,1979,m,0,7/24/2012,,,,,,0,,,HarvardX/CS50x/2012
MHxPC130463560,1,1,0,0,Other South America,Secondary,1989,m,0,9/4/2012,5/1/2013,11,4,,3,0,,,HarvardX/CS50x/2012
MHxPC130353399,1,0,0,0,United Kingdom,Secondary,1994,m,0,7/24/2012,,,,,,0,,,HarvardX/CS50x/2012
MHxPC130378521,1,1,1,0,Other Europe,Master's,1981,m,0,7/24/2012,4/12/2013,131,10,,9,0,,,HarvardX/CS50x/2012
MHxPC130244843,1,0,0,0,Pakistan,Bachelor's,1978,m,0,7/24/2012,,,,,,0,,,HarvardX/CS50x/2012
MHxPC130436713,1,1,0,0,Unknown/Other,Master's,1987,m,0,7/24/2012,,,,,4,0,,1,HarvardX/CS50x/2012
MHxPC130456831,1,1,0,0,India,Secondary,1994,f,0,6/12/2013,6/16/2013,15,3,,2,0,,,HarvardX/CS50x/2012
MHxPC130092174,1,0,0,0,Unknown/Other,Secondary,1997,m,0,7/24/2012,,,,,,0,,,HarvardX/CS50x/2012
MHxPC130591909,1,1,0,0,Other Europe,Master's,1986,m,0,7/24/2012,,,1,,1,0,,1,HarvardX/CS50x/2012
MHxPC130292969,1,1,0,0,India,Secondary,1991,f,0,9/29/2012,,,2,,1,0,,1,HarvardX/CS50x/2012
MHxPC130183924,1,1,0,0,Portugal,Bachelor's,1989,m,0,7/24/2012,,,,,1,0,,1,HarvardX/CS50x/2012
MHxPC130299007,1,0,0,0,Unknown/Other,Secondary,1985,m,0,7/24/2012,,,,,,0,,,HarvardX/CS50x/2012
MHxPC130204870,1,1,0,0,Unknown/Other,Master's,1989,f,0,7/24/2012,,,,,1,0,,1,HarvardX/CS50x/2012
MHxPC130044017,1,0,0,0,United Kingdom,Secondary,1991,m,0,7/24/2012,,,,,,0,,,HarvardX/CS50x/2012
MHxPC130100575,1,1,0,0,Unknown/Other,Secondary,1993,m,0,7/24/2012,,,,,1,0,,1,HarvardX/CS50x/2012
MHxPC130277981,1,0,0,0,Other Middle East/Central Asia,Bachelor's,1989,m,0,7/24/2012,,,,,,0,,,HarvardX/CS50x/2012
MHxPC130073094,1,0,0,0,Unknown/Other,Bachelor's,,f,0,7/24/2012,,,,,,0,,,HarvardX/CS50x/2012
MHxPC130277589,1,0,0,0,Unknown/Other,Bachelor's,1984,m,0,7/24/2012,,,,,,0,,,HarvardX/CS50x/2012
MHxPC130359524,1,0,0,0,Unknown/Other,Master's,1980,f,0,7/24/2012,,,,,,0,,,HarvardX/CS50x/2012
MHxPC130428766,1,1,0,0,United Kingdom,Secondary,1991,m,0,9/27/2012,6/15/2013,10,1,,2,0,,,HarvardX/CS50x/2012
MHxPC130482998,1,1,0,0,Unknown/Other,Master's,1976,m,0,7/24/2012,,,,,1,0,,1,HarvardX/CS50x/2012
MHxPC130007924,1,1,0,0,United States,Bachelor's,1974,f,0,9/26/2012,,,2,,1,0,,1,HarvardX/CS50x/2012
MHxPC130343206,1,1,0,0,United States,Master's,1971,m,0,7/24/2012,7/11/2013,34,4,,11,0,,,HarvardX/CS50x/2012
MHxPC130560974,1,0,0,0,United States,Bachelor's,1980,m,0,7/24/2012,2/18/2013,1,1,,,0,,,HarvardX/CS50x/2012
MHxPC130329797,1,1,0,0,India,Master's,1981,m,0,7/24/2012,7/14/2013,5,2,,1,0,,,HarvardX/CS50x/2012
MHxPC130259109,1,1,0,0,Unknown/Other,Bachelor's,1990,m,0,10/24/2012,,,,,1,0,,1,HarvardX/CS50x/2012
MHxPC130030602,1,0,0,0,India,Secondary,1992,f,0,7/24/2012,,,2,,,0,,1,HarvardX/CS50x/2012
MHxPC130346164,1,1,0,0,India,Bachelor's,1990,f,0,7/24/2012,,,,,1,0,,1,HarvardX/CS50x/2012
MHxPC130308947,1,1,0,0,Unknown/Other,Master's,1972,m,0,7/24/2012,,,,,2,0,,1,HarvardX/CS50x/2012
MHxPC130094676,1,0,0,0,United States,Secondary,1969,m,0,7/24/2012,,,,,,0,,,HarvardX/CS50x/2012
MHxPC130003006,1,1,0,0,India,Secondary,1992,m,0,7/24/2012,2/17/2013,1,1,,1,0,,,HarvardX/CS50x/2012
MHxPC130171298,1,1,1,0,India,Less than Secondary,2000,m,0,7/24/2012,,,,,12,0,,1,HarvardX/CS50x/2012
MHxPC130270947,1,1,0,0,United States,Secondary,1990,m,0,7/24/2012,3/27/2013,1,1,,3,0,,,HarvardX/CS50x/2012
MHxPC130332766,1,1,0,0,Mexico,Bachelor's,1987,m,0,7/24/2012,,,,,2,0,,1,HarvardX/CS50x/2012
MHxPC130330732,1,1,0,0,Brazil,Bachelor's,1981,m,0,7/24/2012,,,6,,2,0,,1,HarvardX/CS50x/2012
MHxPC130171343,1,0,0,0,India,Secondary,1994,m,0,7/24/2012,,,,,,0,,,HarvardX/CS50x/2012
MHxPC130225600,1,1,1,0,United States,Bachelor's,1968,f,0,7/24/2012,,,,,9,0,,1,HarvardX/CS50x/2012
MHxPC130151822,1,0,0,0,Portugal,Master's,1986,m,0,9/26/2012,,,4,,,0,,1,HarvardX/CS50x/2012
MHxPC130025158,1,0,0,0,Brazil,Master's,1973,m,0,7/24/2012,,,,,,0,,,HarvardX/CS50x/2012
MHxPC130254832,1,0,0,0,Unknown/Other,Secondary,1965,m,0,7/24/2012,,,,,,0,,,HarvardX/CS50x/2012
MHxPC130585014,1,1,0,0,Unknown/Other,Bachelor's,1989,m,0,7/24/2012,,,,,1,0,,1,HarvardX/CS50x/2012
MHxPC130525074,1,0,0,0,Philippines,Bachelor's,1988,m,0,7/24/2012,,,,,,0,,,HarvardX/CS50x/2012
MHxPC130108493,1,1,0,0,India,Bachelor's,1989,m,0,7/24/2012,,,,,1,0,,1,HarvardX/CS50x/2012
MHxPC130158860,1,1,1,1,India,Bachelor's,1991,m,1,10/14/2012,5/17/2013,28,15,,12,0,,,HarvardX/CS50x/2012
MHxPC130468702,1,1,0,0,Brazil,Bachelor's,1984,m,0,7/24/2012,,,,,2,0,,1,HarvardX/CS50x/2012
MHxPC130462728,1,1,0,0,Unknown/Other,Bachelor's,1989,m,0,1/15/2013,,,,,2,0,,1,HarvardX/CS50x/2012
MHxPC130239630,1,0,0,0,Morocco,Bachelor's,1992,m,0,7/24/2012,,,,,,0,,,HarvardX/CS50x/2012
MHxPC130589719,1,1,0,0,United States,Bachelor's,,m,0,10/13/2012,,,11,,1,0,,1,HarvardX/CS50x/2012
MHxPC130491197,1,1,0,0,United Kingdom,Master's,1989,m,0,7/24/2012,,,,,1,0,,1,HarvardX/CS50x/2012
MHxPC130440403,1,1,0,0,Other Europe,Master's,1988,m,0,7/24/2012,,,2,,1,0,,1,HarvardX/CS50x/2012
MHxPC130243903,1,1,0,0,Spain,Master's,1976,m,0,7/24/2012,,,,,3,0,,1,HarvardX/CS50x/2012
MHxPC130051796,1,1,0,0,Unknown/Other,Bachelor's,1991,m,0,11/18/2012,,,,,2,0,,1,HarvardX/CS50x/2012
MHxPC130108815,1,1,0,0,Unknown/Other,Secondary,1993,m,0,7/24/2012,,,,,2,0,,1,HarvardX/CS50x/2012
MHxPC130066280,1,1,0,0,United States,Bachelor's,1974,m,0,7/24/2012,,,,,1,0,,1,HarvardX/CS50x/2012
MHxPC130451687,1,1,1,0,India,Bachelor's,1974,m,0,7/24/2012,9/1/2013,190,10,,12,0,,,HarvardX/CS50x/2012
MHxPC130536732,1,0,0,0,Unknown/Other,Bachelor's,1990,m,0,7/24/2012,,,,,,0,,,HarvardX/CS50x/2012
MHxPC130386503,1,1,1,0,India,Bachelor's,1988,m,0,7/24/2012,4/13/2013,19,3,,8,0,,,HarvardX/CS50x/2012
MHxPC130153716,1,1,1,1,Pakistan,Bachelor's,1991,m,1,7/24/2012,5/9/2013,295,44,,12,0,,,HarvardX/CS50x/2012
MHxPC130028450,1,1,0,0,Unknown/Other,Master's,1983,m,0,7/24/2012,,,,,2,0,,1,HarvardX/CS50x/2012
MHxPC130537349,1,1,1,0,Other Europe,,1989,m,0,7/24/2012,2/12/2013,34,2,,10,0,,,HarvardX/CS50x/2012
MHxPC130431650,1,1,0,0,United States,Master's,1970,f,0,7/24/2012,,,3,,1,0,,1,HarvardX/CS50x/2012
MHxPC130443629,1,1,0,0,Canada,Master's,1973,m,0,7/24/2012,7/11/2013,11,2,,1,0,,,HarvardX/CS50x/2012
MHxPC130395013,1,0,0,0,Other Africa,Bachelor's,1987,f,0,7/24/2012,,,,,,0,,,HarvardX/CS50x/2012
MHxPC130389138,1,0,0,0,India,Bachelor's,1991,f,0,7/30/2012,,,,,,0,,,HarvardX/CS50x/2012
MHxPC130538080,1,1,0,0,Unknown/Other,Secondary,1992,m,0,7/24/2012,,,,,1,0,,1,HarvardX/CS50x/2012
MHxPC130080299,1,1,1,0,Morocco,Bachelor's,1987,m,0,7/24/2012,4/15/2013,147,16,,10,0,,,HarvardX/CS50x/2012
MHxPC130215246,1,1,1,0,United States,Master's,1987,m,0,7/24/2012,,,26,,12,0,,1,HarvardX/CS50x/2012
MHxPC130166910,1,1,0,0,India,Secondary,1992,m,0,7/24/2012,,,,,1,0,,1,HarvardX/CS50x/2012
MHxPC130507513,1,0,0,0,India,Secondary,1992,f,0,6/19/2013,6/19/2013,1,1,,,0,,,HarvardX/CS50x/2012
MHxPC130497834,1,1,0,0,France,,,m,0,7/24/2012,6/13/2013,6,2,,4,0,,,HarvardX/CS50x/2012
MHxPC130231727,1,0,0,0,Other Europe,Secondary,1995,m,0,7/24/2012,,,,,,0,,,HarvardX/CS50x/2012
MHxPC130232404,1,0,0,0,India,Master's,1988,m,0,8/18/2012,,,2,,,0,,1,HarvardX/CS50x/2012
MHxPC130035727,1,0,0,0,United States,Master's,1968,m,0,7/24/2012,,,,,,0,,,HarvardX/CS50x/2012
MHxPC130567309,1,0,0,0,Other Europe,Bachelor's,1987,m,0,7/24/2012,,,,,,0,,,HarvardX/CS50x/2012
MHxPC130563436,1,1,0,0,Colombia,Master's,1986,m,0,7/24/2012,7/29/2013,28,2,,3,0,,,HarvardX/CS50x/2012
MHxPC130285816,1,1,1,1,Russian Federation,Secondary,1984,m,1,7/24/2012,5/20/2013,216,30,,12,0,,,HarvardX/CS50x/2012
MHxPC130146105,1,0,0,0,India,Secondary,1991,m,0,7/24/2012,,,,,,0,,,HarvardX/CS50x/2012
MHxPC130117575,1,1,0,0,Unknown/Other,Secondary,1991,m,0,7/24/2012,,,,,4,0,,1,HarvardX/CS50x/2012
MHxPC130389496,1,1,0,0,Other Africa,Secondary,1991,m,0,7/24/2012,,,,,2,0,,1,HarvardX/CS50x/2012
MHxPC130414220,1,1,0,0,India,Secondary,1992,f,0,12/28/2012,3/23/2013,1,1,,2,0,,,HarvardX/CS50x/2012
MHxPC130057175,1,0,0,0,India,Bachelor's,1988,f,0,7/24/2012,,,,,,0,,,HarvardX/CS50x/2012
MHxPC130378284,1,1,1,0,Egypt,Secondary,1992,m,0,7/24/2012,3/29/2013,15,3,,12,0,,,HarvardX/CS50x/2012
MHxPC130528739,1,0,0,0,Unknown/Other,Bachelor's,1986,m,0,7/24/2012,,,,,,0,,,HarvardX/CS50x/2012
MHxPC130418846,1,1,0,0,India,Secondary,1995,m,0,7/24/2012,5/12/2013,48,9,,4,0,,,HarvardX/CS50x/2012
MHxPC130108873,1,1,0,0,United States,Bachelor's,1983,m,0,7/24/2012,,,3,,4,0,,1,HarvardX/CS50x/2012
MHxPC130555890,1,0,0,0,Unknown/Other,Bachelor's,1989,m,0,7/24/2012,,,,,,0,,,HarvardX/CS50x/2012
MHxPC130479117,1,1,0,0,India,,1991,m,0,10/14/2012,,,,,1,0,,1,HarvardX/CS50x/2012
MHxPC130396156,1,1,1,0,Unknown/Other,Secondary,1992,m,0,7/24/2012,,,,,12,0,,1,HarvardX/CS50x/2012
MHxPC130052160,1,1,0,0,Unknown/Other,Master's,1986,m,0,7/24/2012,,,,,3,0,,1,HarvardX/CS50x/2012
MHxPC130066189,1,1,0,0,Unknown/Other,Secondary,1991,m,0,7/24/2012,,,,,4,0,,1,HarvardX/CS50x/2012
MHxPC130560125,1,0,0,0,Bangladesh,Bachelor's,1986,m,0,7/24/2012,,,,,,0,,,HarvardX/CS50x/2012
MHxPC130078549,1,1,0,0,Other Europe,Secondary,1973,m,0,4/30/2013,5/2/2013,52,5,,5,0,,,HarvardX/CS50x/2012
MHxPC130138714,1,1,0,0,Morocco,Master's,1988,f,0,7/24/2012,,,,,2,0,,1,HarvardX/CS50x/2012
MHxPC130424467,1,0,0,0,Greece,Bachelor's,1982,m,0,8/7/2012,,,,,,0,,,HarvardX/CS50x/2012
MHxPC130189845,1,1,0,0,Other Europe,Secondary,1990,m,0,7/25/2012,,,,,1,0,,1,HarvardX/CS50x/2012
MHxPC130514545,1,0,0,0,Unknown/Other,Bachelor's,1986,m,0,7/24/2012,,,,,,0,,,HarvardX/CS50x/2012
MHxPC130268528,1,1,0,0,United States,Secondary,1996,m,0,7/25/2012,,,15,,2,0,,1,HarvardX/CS50x/2012
MHxPC130432979,1,1,0,0,Russian Federation,Bachelor's,1987,m,0,7/24/2012,5/6/2013,1,1,,1,0,,,HarvardX/CS50x/2012
MHxPC130364196,1,1,0,0,United States,Secondary,1977,m,0,7/24/2012,,,,,1,0,,1,HarvardX/CS50x/2012
MHxPC130164493,1,1,0,0,Other South America,Secondary,1990,m,0,9/27/2012,7/5/2013,2,2,,4,0,,,HarvardX/CS50x/2012
MHxPC130346048,1,1,1,0,Other East Asia,Bachelor's,1990,m,0,7/24/2012,4/23/2013,50,4,,9,0,,,HarvardX/CS50x/2012
MHxPC130539924,1,0,0,0,India,Bachelor's,1991,m,0,7/24/2012,,,,,,0,,,HarvardX/CS50x/2012
MHxPC130044971,1,0,0,0,India,Secondary,1993,m,0,10/3/2012,,,37,,,0,,1,HarvardX/CS50x/2012
MHxPC130506007,1,1,0,0,Unknown/Other,Bachelor's,1988,f,0,7/24/2012,,,,,1,0,,1,HarvardX/CS50x/2012
MHxPC130465738,1,0,0,0,India,Secondary,1990,m,0,7/24/2012,,,,,,0,,,HarvardX/CS50x/2012
MHxPC130396363,1,0,0,0,United States,Master's,,m,0,7/24/2012,,,1,,,0,,1,HarvardX/CS50x/2012
MHxPC130505313,1,1,0,0,Other Europe,Bachelor's,1988,f,0,7/24/2012,,,,,1,0,,1,HarvardX/CS50x/2012
MHxPC130463887,1,0,0,0,Other Europe,Secondary,1990,m,0,7/24/2012,,,,,,0,,,HarvardX/CS50x/2012
MHxPC130173628,1,0,0,0,United States,Bachelor's,1987,f,0,7/24/2012,,,,,,0,,,HarvardX/CS50x/2012
MHxPC130382476,1,1,0,0,United States,Doctorate,1982,f,0,7/24/2012,,,,,1,0,,1,HarvardX/CS50x/2012
MHxPC130473809,1,1,1,0,United States,Bachelor's,1981,m,0,7/24/2012,4/25/2013,18,5,,6,0,,,HarvardX/CS50x/2012
MHxPC130454030,1,0,0,0,Unknown/Other,Secondary,1993,m,0,7/24/2012,,,,,,0,,,HarvardX/CS50x/2012
MHxPC130215112,1,1,1,0,United Kingdom,Master's,1982,m,0,7/31/2012,7/17/2013,8,3,,12,0,,,HarvardX/CS50x/2012
MHxPC130520242,1,0,0,0,Unknown/Other,Bachelor's,1983,m,0,7/24/2012,,,,,,0,,,HarvardX/CS50x/2012
MHxPC130405537,1,1,0,0,Unknown/Other,,,f,0,7/24/2012,,,,,2,0,,1,HarvardX/CS50x/2012
MHxPC130209770,1,0,0,0,United States,Doctorate,1975,m,0,7/24/2012,,,1,,,0,,1,HarvardX/CS50x/2012
MHxPC130416451,1,0,0,0,Unknown/Other,Bachelor's,1989,m,0,7/24/2012,,,,,,0,,,HarvardX/CS50x/2012
MHxPC130282610,1,1,0,0,United Kingdom,Bachelor's,1991,m,0,7/24/2012,,,,,1,0,,1,HarvardX/CS50x/2012
MHxPC130254805,1,0,0,0,Unknown/Other,Master's,1980,m,0,7/24/2012,,,,,,0,,,HarvardX/CS50x/2012
MHxPC130197695,1,1,1,0,Other Europe,Secondary,1987,m,0,7/24/2012,5/10/2013,462,38,,12,0,,,HarvardX/CS50x/2012
MHxPC130398891,1,0,0,0,United States,Bachelor's,1968,f,0,7/24/2012,,,,,,0,,,HarvardX/CS50x/2012
MHxPC130199864,1,1,1,0,Other South Asia,Bachelor's,1983,f,0,7/24/2012,4/20/2013,4,4,,12,0,,,HarvardX/CS50x/2012
MHxPC130359874,1,1,0,0,Unknown/Other,Master's,1988,f,0,7/24/2012,,,,,4,0,,1,HarvardX/CS50x/2012
MHxPC130546759,1,0,0,0,United States,Secondary,1981,m,0,7/24/2012,,,,,,0,,,HarvardX/CS50x/2012
MHxPC130206566,1,1,0,0,United States,Secondary,1988,m,0,7/24/2012,,,4,,3,0,,1,HarvardX/CS50x/2012
MHxPC130346030,1,1,0,0,Unknown/Other,Bachelor's,1986,m,0,7/24/2012,,,,,1,0,,1,HarvardX/CS50x/2012
MHxPC130461676,1,1,1,0,Unknown/Other,Secondary,1993,m,0,7/24/2012,,,,,9,0,,1,HarvardX/CS50x/2012
MHxPC130088625,1,1,0,0,Unknown/Other,Secondary,1996,m,0,7/24/2012,,,,,1,0,,1,HarvardX/CS50x/2012
MHxPC130483895,1,0,0,0,Greece,Secondary,1993,f,0,7/24/2012,,,4,,,0,,1,HarvardX/CS50x/2012
MHxPC130570587,1,1,0,0,Unknown/Other,Secondary,1993,m,0,7/24/2012,,,,,1,0,,1,HarvardX/CS50x/2012
MHxPC130390781,1,1,0,0,United States,Secondary,1980,m,0,7/28/2012,,,,,3,0,,1,HarvardX/CS50x/2012
MHxPC130477850,1,1,0,0,Unknown/Other,Secondary,1992,m,0,1/7/2013,,,,,2,0,,1,HarvardX/CS50x/2012
MHxPC130589647,1,1,1,1,India,Secondary,1992,m,1,7/24/2012,8/4/2013,67,20,,7,0,,,HarvardX/CS50x/2012
MHxPC130012298,1,1,1,0,United States,Secondary,1974,m,0,7/24/2012,6/6/2013,91,12,,12,0,,,HarvardX/CS50x/2012
MHxPC130413883,1,0,0,0,United States,Bachelor's,1966,f,0,7/24/2012,,,,,,0,,,HarvardX/CS50x/2012
MHxPC130018231,1,0,0,0,United States,,,,0,7/24/2012,,,,,2,0,,1,HarvardX/CS50x/2012
MHxPC130300606,1,0,0,0,Unknown/Other,Secondary,1992,f,0,7/24/2012,,,,,,0,,,HarvardX/CS50x/2012
MHxPC130412838,1,0,0,0,India,Bachelor's,1989,m,0,7/24/2012,,,,,,0,,,HarvardX/CS50x/2012
MHxPC130579198,1,0,0,0,Unknown/Other,Master's,1979,f,0,7/24/2012,,,,,,0,,,HarvardX/CS50x/2012
MHxPC130145040,1,1,0,0,Unknown/Other,Secondary,1992,m,0,8/14/2012,,,,,1,0,,1,HarvardX/CS50x/2012
MHxPC130059383,1,1,0,0,Russian Federation,Master's,1981,m,0,9/30/2012,3/21/2013,51,3,,2,0,,,HarvardX/CS50x/2012
MHxPC130115797,1,0,0,0,Pakistan,Bachelor's,1990,m,0,7/24/2012,,,1,,,0,,1,HarvardX/CS50x/2012
MHxPC130402507,1,0,0,0,United Kingdom,Secondary,1980,m,0,7/24/2012,,,,,,0,,,HarvardX/CS50x/2012
MHxPC130061839,1,0,0,0,Other East Asia,Less than Secondary,1993,m,0,4/2/2013,6/4/2013,3,2,,,0,,,HarvardX/CS50x/2012
MHxPC130083750,1,1,1,1,United Kingdom,Secondary,1993,m,1,10/14/2012,4/21/2013,220,29,,12,0,,,HarvardX/CS50x/2012
MHxPC130299333,1,1,0,0,Unknown/Other,Secondary,1993,m,0,7/24/2012,,,,,1,0,,1,HarvardX/CS50x/2012
MHxPC130493742,1,1,0,0,India,Bachelor's,1990,m,0,7/24/2012,6/6/2013,11,1,,3,0,,,HarvardX/CS50x/2012
MHxPC130364075,1,0,0,0,Unknown/Other,Master's,1967,m,0,7/24/2012,,,,,,0,,,HarvardX/CS50x/2012
MHxPC130163294,1,1,0,0,Unknown/Other,Bachelor's,1982,m,0,7/24/2012,,,,,1,0,,1,HarvardX/CS50x/2012
MHxPC130209666,1,1,0,0,Unknown/Other,Bachelor's,1991,m,0,7/24/2012,,,,,2,0,,1,HarvardX/CS50x/2012
MHxPC130185218,1,1,0,0,Ukraine,Bachelor's,1991,f,0,7/26/2012,6/9/2013,1,1,,1,0,,,HarvardX/CS50x/2012
MHxPC130547742,1,0,0,0,Unknown/Other,Bachelor's,1988,m,0,7/24/2012,,,,,,0,,,HarvardX/CS50x/2012
MHxPC130095311,1,1,0,0,United States,Master's,1986,m,0,8/8/2012,,,3,,1,0,,1,HarvardX/CS50x/2012
MHxPC130106629,1,1,1,0,United States,Master's,1980,f,0,7/24/2012,3/13/2013,159,16,,12,0,,,HarvardX/CS50x/2012
MHxPC130471944,1,1,0,0,Bangladesh,Secondary,1991,m,0,7/24/2012,,,,,2,0,,1,HarvardX/CS50x/2012
MHxPC130548968,1,0,0,0,United States,Secondary,1993,f,0,7/24/2012,,,1,,,0,,1,HarvardX/CS50x/2012
MHxPC130286117,1,1,0,0,United States,Secondary,1992,m,0,7/24/2012,3/31/2013,1,1,,1,0,,,HarvardX/CS50x/2012
MHxPC130110030,1,1,0,0,Spain,Bachelor's,1985,m,0,12/3/2012,6/18/2013,27,2,,2,0,,,HarvardX/CS50x/2012
MHxPC130499936,1,0,0,0,India,Secondary,1977,m,0,7/24/2012,,,,,,0,,,HarvardX/CS50x/2012
MHxPC130534891,1,0,0,0,India,Secondary,1996,m,0,7/24/2012,,,,,,0,,,HarvardX/CS50x/2012
MHxPC130521826,1,1,0,0,United States,Less than Secondary,1997,m,0,8/3/2012,,,,,2,0,,1,HarvardX/CS50x/2012
MHxPC130066781,1,1,0,0,India,Bachelor's,1991,m,0,8/30/2013,,,,,3,0,,1,HarvardX/CS50x/2012
MHxPC130092078,1,0,0,0,Unknown/Other,Bachelor's,1983,m,0,7/24/2012,,,,,,0,,,HarvardX/CS50x/2012
MHxPC130236162,1,1,1,0,Egypt,,,m,0,7/24/2012,8/25/2013,326,53,,12,0,,,HarvardX/CS50x/2012
MHxPC130154409,1,0,0,0,Other Europe,Bachelor's,1970,m,0,7/24/2012,3/22/2013,1,1,,,0,,,HarvardX/CS50x/2012
MHxPC130501818,1,1,0,0,Other Middle East/Central Asia,Bachelor's,1986,m,0,9/27/2012,,,,,4,0,,1,HarvardX/CS50x/2012
MHxPC130467823,1,0,0,0,Pakistan,Bachelor's,1988,m,0,7/24/2012,,,,,,0,,,HarvardX/CS50x/2012
MHxPC130144610,1,0,0,0,United States,Master's,1973,m,0,7/24/2012,,,1,,,0,,1,HarvardX/CS50x/2012
MHxPC130255220,1,1,0,0,Unknown/Other,Secondary,1992,m,0,7/24/2012,,,,,1,0,,1,HarvardX/CS50x/2012
MHxPC130541854,1,0,0,0,Ukraine,Bachelor's,1992,m,0,7/24/2012,,,,,,0,,,HarvardX/CS50x/2012
MHxPC130368723,1,0,0,0,United States,Bachelor's,1986,m,0,7/24/2012,,,,,,0,,,HarvardX/CS50x/2012
MHxPC130269722,1,0,0,0,Unknown/Other,Bachelor's,1976,m,0,7/24/2012,,,,,,0,,,HarvardX/CS50x/2012
MHxPC130564535,1,0,0,0,Unknown/Other,Secondary,1990,m,0,7/24/2012,,,,,,0,,,HarvardX/CS50x/2012
MHxPC130462845,1,0,0,0,Unknown/Other,Bachelor's,1991,m,0,7/24/2012,,,,,,0,,,HarvardX/CS50x/2012
MHxPC130254582,1,0,0,0,Unknown/Other,Bachelor's,1990,f,0,12/22/2012,,,,,,0,,,HarvardX/CS50x/2012
MHxPC130417980,1,0,0,0,Unknown/Other,Secondary,1989,m,0,7/24/2012,,,,,,0,,,HarvardX/CS50x/2012
MHxPC130425255,1,1,0,0,Other Middle East/Central Asia,Bachelor's,1982,m,0,7/24/2012,2/18/2013,8,1,,1,0,,,HarvardX/CS50x/2012
MHxPC130409831,1,1,0,0,Other Europe,Master's,1969,m,0,7/24/2012,3/14/2013,10,1,,3,0,,,HarvardX/CS50x/2012
MHxPC130038177,1,1,0,0,United States,Bachelor's,1990,f,0,7/24/2012,,,,,1,0,,1,HarvardX/CS50x/2012
MHxPC130299563,1,1,0,0,Brazil,Bachelor's,1986,m,0,7/24/2012,,,,,1,0,,1,HarvardX/CS50x/2012
MHxPC130212847,1,0,0,0,United States,Secondary,1980,m,0,7/24/2012,,,,,,0,,,HarvardX/CS50x/2012
MHxPC130069278,1,1,0,0,India,Secondary,1994,m,0,9/8/2012,3/17/2013,15,2,,5,0,,,HarvardX/CS50x/2012
MHxPC130400231,1,0,0,0,Unknown/Other,Secondary,1992,m,0,7/24/2012,,,,,,0,,,HarvardX/CS50x/2012
MHxPC130180369,1,0,0,0,United States,Doctorate,1953,f,0,7/24/2012,,,1,,,0,,1,HarvardX/CS50x/2012
MHxPC130259246,1,1,0,0,United Kingdom,Secondary,1990,m,0,7/24/2012,4/16/2013,1,1,,1,0,,,HarvardX/CS50x/2012
MHxPC130579367,1,0,0,0,United States,Bachelor's,1974,m,0,7/24/2012,,,,,,0,,,HarvardX/CS50x/2012
MHxPC130595280,1,0,0,0,Unknown/Other,Secondary,1993,m,0,7/24/2012,,,,,,0,,,HarvardX/CS50x/2012
MHxPC130224532,1,1,0,0,Unknown/Other,Bachelor's,1990,m,0,7/24/2012,,,,,2,0,,1,HarvardX/CS50x/2012
MHxPC130503758,1,1,0,0,Other Europe,Bachelor's,1987,m,0,10/12/2012,,,,,3,0,,1,HarvardX/CS50x/2012
MHxPC130476781,1,1,0,0,India,Secondary,1994,m,0,7/24/2012,4/15/2013,5,1,,2,0,,,HarvardX/CS50x/2012
MHxPC130470639,1,1,1,0,Other Africa,,1975,m,0,8/12/2012,3/31/2013,141,15,,12,0,,,HarvardX/CS50x/2012
MHxPC130242415,1,1,0,0,India,Secondary,1977,m,0,7/24/2012,7/1/2013,7,1,,2,0,,,HarvardX/CS50x/2012
MHxPC130441049,1,0,0,0,Australia,Secondary,1993,m,0,7/24/2012,,,2,,,0,,1,HarvardX/CS50x/2012
MHxPC130569310,1,1,0,0,United States,Bachelor's,1974,m,0,7/24/2012,4/16/2013,11,3,,1,0,,,HarvardX/CS50x/2012
MHxPC130536350,1,1,0,0,Other Europe,Bachelor's,1989,m,0,7/24/2012,,,,,1,0,,1,HarvardX/CS50x/2012
MHxPC130016086,1,0,0,0,United States,Master's,1965,f,0,7/24/2012,,,,,,0,,,HarvardX/CS50x/2012
MHxPC130215301,1,1,0,0,United States,Master's,1973,f,0,7/24/2012,,,,,1,0,,1,HarvardX/CS50x/2012
MHxPC130287463,1,0,0,0,United States,Bachelor's,1981,m,0,7/24/2012,4/29/2013,2,2,,,0,,,HarvardX/CS50x/2012
MHxPC130308771,1,0,0,0,United States,Bachelor's,1990,m,0,7/24/2012,,,,,,0,,,HarvardX/CS50x/2012
MHxPC130498821,1,0,0,0,Unknown/Other,Bachelor's,2012,m,0,7/24/2012,,,,,,0,,,HarvardX/CS50x/2012
MHxPC130308030,1,0,0,0,Unknown/Other,Master's,1982,m,0,7/24/2012,,,,,,0,,,HarvardX/CS50x/2012
MHxPC130088035,1,0,0,0,Unknown/Other,Bachelor's,1981,m,0,7/24/2012,,,,,,0,,,HarvardX/CS50x/2012
MHxPC130339345,1,0,0,0,United States,Bachelor's,1989,m,0,7/24/2012,,,,,,0,,,HarvardX/CS50x/2012
MHxPC130167487,1,0,0,0,United States,Master's,1978,f,0,7/24/2012,,,,,,0,,,HarvardX/CS50x/2012
MHxPC130187109,1,0,0,0,Unknown/Other,Secondary,1991,m,0,8/1/2012,,,,,,0,,,HarvardX/CS50x/2012
MHxPC130237441,1,0,0,0,Unknown/Other,Bachelor's,1991,m,0,7/24/2012,,,,,,0,,,HarvardX/CS50x/2012
MHxPC130052094,1,0,0,0,Unknown/Other,Master's,1981,m,0,7/24/2012,,,,,,0,,,HarvardX/CS50x/2012
MHxPC130416818,1,0,0,0,Mexico,Bachelor's,1988,m,0,3/13/2013,3/13/2013,2,1,,,0,,,HarvardX/CS50x/2012
MHxPC130518971,1,0,0,0,United States,Bachelor's,1988,m,0,7/24/2012,,,,,,0,,,HarvardX/CS50x/2012
MHxPC130174508,1,0,0,0,Unknown/Other,Secondary,1983,m,0,7/24/2012,,,,,,0,,,HarvardX/CS50x/2012
MHxPC130365575,1,1,0,0,Canada,,1986,m,0,7/24/2012,,,,,1,0,,1,HarvardX/CS50x/2012
MHxPC130477921,1,1,0,0,Other South Asia,Secondary,1992,m,0,7/24/2012,5/1/2013,3,1,,3,0,,,HarvardX/CS50x/2012
MHxPC130415452,1,1,0,0,Unknown/Other,Secondary,1986,f,0,7/24/2012,,,,,1,0,,1,HarvardX/CS50x/2012
MHxPC130301146,1,0,0,0,Unknown/Other,,1984,f,0,7/24/2012,,,,,,0,,,HarvardX/CS50x/2012
MHxPC130432244,1,1,0,0,United States,Bachelor's,1974,m,0,7/24/2012,,,,,1,0,,1,HarvardX/CS50x/2012
MHxPC130184337,1,1,0,0,Unknown/Other,Bachelor's,1987,m,0,7/24/2012,,,,,2,0,,1,HarvardX/CS50x/2012
MHxPC130151163,1,0,0,0,Unknown/Other,Secondary,1988,m,0,7/24/2012,,,,,,0,,,HarvardX/CS50x/2012
MHxPC130568567,1,0,0,0,Other Africa,Bachelor's,1976,m,0,7/24/2012,,,,,,0,,,HarvardX/CS50x/2012
MHxPC130135405,1,1,1,0,United States,Secondary,1994,m,0,7/24/2012,7/30/2013,495,44,,12,0,,,HarvardX/CS50x/2012
MHxPC130340500,1,1,0,0,United States,Master's,1976,m,0,7/24/2012,,,,,4,0,,1,HarvardX/CS50x/2012
MHxPC130465916,1,0,0,0,United States,Bachelor's,1984,m,0,7/24/2012,,,,,,0,,,HarvardX/CS50x/2012
MHxPC130496895,1,0,0,0,India,,,m,0,7/24/2012,4/11/2013,20,5,,,0,,,HarvardX/CS50x/2012
MHxPC130453878,1,1,1,0,Poland,Master's,1987,m,0,7/24/2012,7/9/2013,433,36,,12,0,,,HarvardX/CS50x/2012
MHxPC130148514,1,1,0,0,Brazil,Master's,1987,m,0,7/24/2012,5/29/2013,5,1,,3,0,,,HarvardX/CS50x/2012
MHxPC130175652,1,0,0,0,Unknown/Other,Bachelor's,1980,m,0,7/24/2012,,,,,,0,,,HarvardX/CS50x/2012
MHxPC130247962,1,1,0,0,Unknown/Other,Less than Secondary,1977,m,0,7/24/2012,,,,,2,0,,1,HarvardX/CS50x/2012
MHxPC130261801,1,0,0,0,United States,Doctorate,1983,m,0,7/24/2012,,,,,,0,,,HarvardX/CS50x/2012
MHxPC130450052,1,1,0,0,United States,Bachelor's,1989,m,0,7/24/2012,,,,,2,0,,1,HarvardX/CS50x/2012
MHxPC130292175,1,0,0,0,Spain,Bachelor's,1987,m,0,7/24/2012,7/20/2013,1,1,,,0,,,HarvardX/CS50x/2012
MHxPC130340966,1,1,0,0,Other South Asia,Secondary,1993,m,0,7/24/2012,4/1/2013,1,1,,4,0,,,HarvardX/CS50x/2012
MHxPC130520008,1,0,0,0,Unknown/Other,Secondary,1984,m,0,7/24/2012,,,,,,0,,,HarvardX/CS50x/2012
MHxPC130043352,1,0,0,0,Philippines,Bachelor's,1985,m,0,7/24/2012,,,,,,0,,,HarvardX/CS50x/2012
MHxPC130507085,1,0,0,0,Other South Asia,Bachelor's,1989,m,0,7/24/2012,,,,,,0,,,HarvardX/CS50x/2012
MHxPC130167026,1,0,0,0,Canada,Secondary,1993,m,0,7/24/2012,5/1/2013,1,1,,,0,,,HarvardX/CS50x/2012
MHxPC130317450,1,1,0,0,Unknown/Other,Secondary,1985,m,0,7/24/2012,,,,,1,0,,1,HarvardX/CS50x/2012
MHxPC130224757,1,0,0,0,India,Master's,1985,m,0,7/24/2012,,,,,,0,,,HarvardX/CS50x/2012
MHxPC130092825,1,1,0,0,United States,Secondary,1990,m,0,10/4/2012,,,,,1,0,,1,HarvardX/CS50x/2012
MHxPC130053523,1,1,0,0,United States,Bachelor's,1966,m,0,7/24/2012,8/6/2013,58,5,,2,0,,,HarvardX/CS50x/2012
